{
    "input_folder": {
        "foreground_mean": {
            "Dice": 0.8011627037436755,
            "FN": 903.1111111111112,
            "FP": 916.8345679012345,
            "IoU": 0.7238405516863847,
            "TN": 250311.93827160494,
            "TP": 10012.116049382717,
            "n_pred": 10928.950617283952,
            "n_ref": 10915.227160493827
        },
        "mean": {
            "1": {
                "Dice": 0.9471932121830632,
                "FN": 1110.0962962962963,
                "FP": 1304.9037037037037,
                "IoU": 0.9020440487842132,
                "TN": 237848.34814814816,
                "TP": 21880.651851851853,
                "n_pred": 23185.555555555555,
                "n_ref": 22990.748148148148
            },
            "2": {
                "Dice": 0.873054069156735,
                "FN": 975.3111111111111,
                "FP": 901.5851851851852,
                "IoU": 0.7827247838266342,
                "TN": 254361.63703703703,
                "TP": 5905.466666666666,
                "n_pred": 6807.051851851852,
                "n_ref": 6880.777777777777
            },
            "3": {
                "Dice": 0.583240829891228,
                "FN": 623.925925925926,
                "FP": 544.0148148148148,
                "IoU": 0.48675282244830703,
                "TN": 258725.82962962962,
                "TP": 2250.2296296296295,
                "n_pred": 2794.2444444444445,
                "n_ref": 2874.1555555555556
            }
        }
    },
    "postprocessed": {
        "foreground_mean": {
            "Dice": 0.8012655044824681,
            "FN": 903.8864197530866,
            "FP": 911.8666666666667,
            "IoU": 0.7240253059222691,
            "TN": 250316.9061728395,
            "TP": 10011.340740740741,
            "n_pred": 10923.207407407406,
            "n_ref": 10915.227160493827
        },
        "mean": {
            "1": {
                "Dice": 0.9474932680906165,
                "FN": 1112.4222222222222,
                "FP": 1290.1851851851852,
                "IoU": 0.902584741999662,
                "TN": 237863.06666666668,
                "TP": 21878.325925925925,
                "n_pred": 23168.51111111111,
                "n_ref": 22990.748148148148
            },
            "2": {
                "Dice": 0.8730624154655597,
                "FN": 975.3111111111111,
                "FP": 901.4444444444445,
                "IoU": 0.7827383533188385,
                "TN": 254361.77777777778,
                "TP": 5905.466666666666,
                "n_pred": 6806.9111111111115,
                "n_ref": 6880.777777777777
            },
            "3": {
                "Dice": 0.583240829891228,
                "FN": 623.925925925926,
                "FP": 543.9703703703703,
                "IoU": 0.48675282244830703,
                "TN": 258725.87407407406,
                "TP": 2250.2296296296295,
                "n_pred": 2794.2,
                "n_ref": 2874.1555555555556
            }
        }
    },
    "postprocessing_fns": [
        "remove_all_but_largest_component_from_segmentation",
        "remove_all_but_largest_component_from_segmentation"
    ],
    "postprocessing_kwargs": [
        {
            "labels_or_regions": [
                1,
                2,
                3
            ]
        },
        {
            "labels_or_regions": 1
        }
    ]
}