{
    "foreground_intensity_properties_per_channel": {
        "0": {
            "max": 2883.0,
            "mean": 1397.5362548828125,
            "median": 1370.0,
            "min": 987.0,
            "percentile_00_5": 1013.0,
            "percentile_99_5": 2538.0,
            "std": 273.3521728515625
        }
    },
    "median_relative_size_after_cropping": 1.0,
    "shapes_after_crop": [
        [
            224,
            512,
            512
        ],
        [
            127,
            512,
            512
        ]
    ],
    "spacings": [
        [
            1.0,
            0.018983999267220497,
            0.018983999267220497
        ],
        [
            1.0,
            0.017345000058412552,
            0.017345000058412552
        ]
    ]
}